dataset,contrast,endpoint,n_paired_seeds,effect,seed_sd,status
Cao,REAL_CL-DEPTH_SHUFFLED_CL,joint_correct_known,4,0.04353186704852888,0.04484617762201531,FOUR_SEEDS_COMPLETE
Quake_10x,REAL_CL-DEPTH_SHUFFLED_CL,joint_correct_known,4,0.0013122034962874118,0.0021384220868719407,FOUR_SEEDS_COMPLETE
Quake_Smart-seq2,REAL_CL-DEPTH_SHUFFLED_CL,joint_correct_known,4,0.0006862092697307032,0.0018111218514557474,FOUR_SEEDS_COMPLETE
Wagner,REAL_CL-DEPTH_SHUFFLED_CL,joint_correct_known,4,-0.017902804877547335,0.01737956988816984,FOUR_SEEDS_COMPLETE
Zeisel_2018,REAL_CL-DEPTH_SHUFFLED_CL,joint_correct_known,4,0.039527147320274986,0.02743400312231291,FOUR_SEEDS_COMPLETE
Cao,REAL_CL-DEPTH_SHUFFLED_CL,novelty_ap,4,-0.00024996133192931036,0.00022515204598010105,FOUR_SEEDS_COMPLETE
Quake_10x,REAL_CL-DEPTH_SHUFFLED_CL,novelty_ap,4,4.895724038475602e-05,2.5515409681340564e-05,FOUR_SEEDS_COMPLETE
Quake_Smart-seq2,REAL_CL-DEPTH_SHUFFLED_CL,novelty_ap,4,0.001430660838646819,0.00029064895971660123,FOUR_SEEDS_COMPLETE
Wagner,REAL_CL-DEPTH_SHUFFLED_CL,novelty_ap,4,-0.0009634110623221448,0.00018071642891419115,FOUR_SEEDS_COMPLETE
Zeisel_2018,REAL_CL-DEPTH_SHUFFLED_CL,novelty_ap,4,-4.9654049043279525e-06,2.0170317985952323e-05,FOUR_SEEDS_COMPLETE
Cao,REAL_CL-DEPTH_SHUFFLED_CL,full_prednovel_ami,4,-0.01942496106776631,0.011939128954991234,FOUR_SEEDS_COMPLETE
Quake_10x,REAL_CL-DEPTH_SHUFFLED_CL,full_prednovel_ami,4,-0.0070649500551501765,0.008742047766011589,FOUR_SEEDS_COMPLETE
Quake_Smart-seq2,REAL_CL-DEPTH_SHUFFLED_CL,full_prednovel_ami,4,-0.0011184568919023474,0.0031310925265003375,FOUR_SEEDS_COMPLETE
Wagner,REAL_CL-DEPTH_SHUFFLED_CL,full_prednovel_ami,4,0.007447131781603777,0.01010320341601634,FOUR_SEEDS_COMPLETE
Zeisel_2018,REAL_CL-DEPTH_SHUFFLED_CL,full_prednovel_ami,4,-0.008016094473869528,0.023853930771516423,FOUR_SEEDS_COMPLETE
Cao,REAL_CL-DEPTH_SHUFFLED_CL,known_retention,4,0.04378106432646994,0.045094987733607775,FOUR_SEEDS_COMPLETE
Quake_10x,REAL_CL-DEPTH_SHUFFLED_CL,known_retention,4,0.000984929868467349,0.0020539838203312995,FOUR_SEEDS_COMPLETE
Quake_Smart-seq2,REAL_CL-DEPTH_SHUFFLED_CL,known_retention,4,0.0011122887521022307,0.0018820539755724168,FOUR_SEEDS_COMPLETE
Wagner,REAL_CL-DEPTH_SHUFFLED_CL,known_retention,4,-0.018345349403175337,0.017862234946655224,FOUR_SEEDS_COMPLETE
Zeisel_2018,REAL_CL-DEPTH_SHUFFLED_CL,known_retention,4,0.040256369226412736,0.027497483961094922,FOUR_SEEDS_COMPLETE
Cao,REAL_CL-DEPTH_SHUFFLED_CL,retained_known_accuracy,4,-0.00016775926185907952,0.00031601950718118774,FOUR_SEEDS_COMPLETE
Quake_10x,REAL_CL-DEPTH_SHUFFLED_CL,retained_known_accuracy,4,0.0003762906753819184,0.0001548155088384941,FOUR_SEEDS_COMPLETE
Quake_Smart-seq2,REAL_CL-DEPTH_SHUFFLED_CL,retained_known_accuracy,4,-0.0005372346342702727,0.0002808188092162422,FOUR_SEEDS_COMPLETE
Wagner,REAL_CL-DEPTH_SHUFFLED_CL,retained_known_accuracy,4,0.00019736083787763592,0.0008097447644482889,FOUR_SEEDS_COMPLETE
Zeisel_2018,REAL_CL-DEPTH_SHUFFLED_CL,retained_known_accuracy,4,-0.000874689924670019,0.0002484613888705183,FOUR_SEEDS_COMPLETE
Cao,REAL_CL-DEPTH_SHUFFLED_CL,novelty_auroc,4,-0.000540994651898552,0.0007645833486297277,FOUR_SEEDS_COMPLETE
Quake_10x,REAL_CL-DEPTH_SHUFFLED_CL,novelty_auroc,4,8.212302020541018e-05,2.986837992894794e-05,FOUR_SEEDS_COMPLETE
Quake_Smart-seq2,REAL_CL-DEPTH_SHUFFLED_CL,novelty_auroc,4,0.003027431215919363,0.0005167939484949022,FOUR_SEEDS_COMPLETE
Wagner,REAL_CL-DEPTH_SHUFFLED_CL,novelty_auroc,4,-0.0014968782526141033,0.00028770474292644645,FOUR_SEEDS_COMPLETE
Zeisel_2018,REAL_CL-DEPTH_SHUFFLED_CL,novelty_auroc,4,1.841604625385518e-05,7.514024685243122e-06,FOUR_SEEDS_COMPLETE
Cao,REAL_CL-DEPTH_SHUFFLED_CL,threshold_precision,4,0.018256183471290294,0.018191039480987676,FOUR_SEEDS_COMPLETE
Quake_10x,REAL_CL-DEPTH_SHUFFLED_CL,threshold_precision,4,0.0006733714181617612,0.0012923251434848668,FOUR_SEEDS_COMPLETE
Quake_Smart-seq2,REAL_CL-DEPTH_SHUFFLED_CL,threshold_precision,4,0.000647587767488994,0.0008142078030026769,FOUR_SEEDS_COMPLETE
Wagner,REAL_CL-DEPTH_SHUFFLED_CL,threshold_precision,4,-0.005389781464384541,0.005231111243749367,FOUR_SEEDS_COMPLETE
Zeisel_2018,REAL_CL-DEPTH_SHUFFLED_CL,threshold_precision,4,0.012894655834985363,0.008573429213364316,FOUR_SEEDS_COMPLETE
Cao,REAL_CL-DEPTH_SHUFFLED_CL,threshold_recall,4,-0.0013870853500177471,0.004864812764096687,FOUR_SEEDS_COMPLETE
Quake_10x,REAL_CL-DEPTH_SHUFFLED_CL,threshold_recall,4,0.0005999414691249538,0.00019338823140769223,FOUR_SEEDS_COMPLETE
Quake_Smart-seq2,REAL_CL-DEPTH_SHUFFLED_CL,threshold_recall,4,0.0016223679668622704,0.0012368983684617565,FOUR_SEEDS_COMPLETE
Wagner,REAL_CL-DEPTH_SHUFFLED_CL,threshold_recall,4,0.0021201300771536424,0.0013659593422111426,FOUR_SEEDS_COMPLETE
Zeisel_2018,REAL_CL-DEPTH_SHUFFLED_CL,threshold_recall,4,5.732761585913737e-06,1.1465523171827474e-05,FOUR_SEEDS_COMPLETE
Cao,REAL_CL-DEPTH_SHUFFLED_CL,threshold_f1,4,0.009983982469167457,0.008899820537633427,FOUR_SEEDS_COMPLETE
Quake_10x,REAL_CL-DEPTH_SHUFFLED_CL,threshold_f1,4,0.0006409450024896235,0.0006350909669218191,FOUR_SEEDS_COMPLETE
Quake_Smart-seq2,REAL_CL-DEPTH_SHUFFLED_CL,threshold_f1,4,0.0011018027232973515,0.0007421427896650365,FOUR_SEEDS_COMPLETE
Wagner,REAL_CL-DEPTH_SHUFFLED_CL,threshold_f1,4,-0.002074629450329213,0.0024052604686445656,FOUR_SEEDS_COMPLETE
Zeisel_2018,REAL_CL-DEPTH_SHUFFLED_CL,threshold_f1,4,0.0071911154197076554,0.004816870981173953,FOUR_SEEDS_COMPLETE
Cao,REAL_CL-DEPTH_SHUFFLED_CL,full_prednovel_ari,4,-0.03613205437835128,0.011101884167196974,FOUR_SEEDS_COMPLETE
Quake_10x,REAL_CL-DEPTH_SHUFFLED_CL,full_prednovel_ari,4,-0.011025154811718826,0.03528726218722095,FOUR_SEEDS_COMPLETE
Quake_Smart-seq2,REAL_CL-DEPTH_SHUFFLED_CL,full_prednovel_ari,4,-0.0002572561455979616,0.007282015551714303,FOUR_SEEDS_COMPLETE
Wagner,REAL_CL-DEPTH_SHUFFLED_CL,full_prednovel_ari,4,0.004456475180167858,0.017006498147681015,FOUR_SEEDS_COMPLETE
Zeisel_2018,REAL_CL-DEPTH_SHUFFLED_CL,full_prednovel_ari,4,-0.008487985517632815,0.04627385278466602,FOUR_SEEDS_COMPLETE
Cao,REAL_CL-DEPTH_SHUFFLED_CL,full_prednovel_nmi,4,-0.01925456546434931,0.011727493872962881,FOUR_SEEDS_COMPLETE
Quake_10x,REAL_CL-DEPTH_SHUFFLED_CL,full_prednovel_nmi,4,-0.006957861355709416,0.008664561702864006,FOUR_SEEDS_COMPLETE
Quake_Smart-seq2,REAL_CL-DEPTH_SHUFFLED_CL,full_prednovel_nmi,4,-0.0011020804872998724,0.003095132026462016,FOUR_SEEDS_COMPLETE
Wagner,REAL_CL-DEPTH_SHUFFLED_CL,full_prednovel_nmi,4,0.007415053703505162,0.010007374907187708,FOUR_SEEDS_COMPLETE
Zeisel_2018,REAL_CL-DEPTH_SHUFFLED_CL,full_prednovel_nmi,4,-0.008001210596056157,0.0238114819752545,FOUR_SEEDS_COMPLETE
Cao,REAL_CL-DEPTH_SHUFFLED_CL,lcc_yield,4,0.14793478260869566,0.0375069598433007,FOUR_SEEDS_COMPLETE
Quake_10x,REAL_CL-DEPTH_SHUFFLED_CL,lcc_yield,4,-0.007352941176470588,0.014705882352941175,FOUR_SEEDS_COMPLETE
Quake_Smart-seq2,REAL_CL-DEPTH_SHUFFLED_CL,lcc_yield,4,0.0,0.0,FOUR_SEEDS_COMPLETE
Wagner,REAL_CL-DEPTH_SHUFFLED_CL,lcc_yield,4,0.020995670995670998,0.04535962052727396,FOUR_SEEDS_COMPLETE
Zeisel_2018,REAL_CL-DEPTH_SHUFFLED_CL,lcc_yield,4,0.09032091097308487,0.04478447197902014,FOUR_SEEDS_COMPLETE
Cao,REAL_CL-DEPTH_SHUFFLED_CL,assigned_cell_coverage,4,0.13811373967071458,0.02045046306775649,FOUR_SEEDS_COMPLETE
Quake_10x,REAL_CL-DEPTH_SHUFFLED_CL,assigned_cell_coverage,4,-0.00018778838931215796,0.0003755767786243159,FOUR_SEEDS_COMPLETE
Quake_Smart-seq2,REAL_CL-DEPTH_SHUFFLED_CL,assigned_cell_coverage,4,0.0,0.0,FOUR_SEEDS_COMPLETE
Wagner,REAL_CL-DEPTH_SHUFFLED_CL,assigned_cell_coverage,4,0.049677103182254725,0.03735251353183241,FOUR_SEEDS_COMPLETE
Zeisel_2018,REAL_CL-DEPTH_SHUFFLED_CL,assigned_cell_coverage,4,0.02596683063117672,0.002972650957556353,FOUR_SEEDS_COMPLETE
Cao,REAL_CL-DEPTH_SHUFFLED_CL,lineage_U,4,0.14706194957811194,0.02438116125171521,FOUR_SEEDS_COMPLETE
Quake_10x,REAL_CL-DEPTH_SHUFFLED_CL,lineage_U,4,0.0,0.0,FOUR_SEEDS_COMPLETE
Quake_Smart-seq2,REAL_CL-DEPTH_SHUFFLED_CL,lineage_U,4,0.0,0.0,FOUR_SEEDS_COMPLETE
Wagner,REAL_CL-DEPTH_SHUFFLED_CL,lineage_U,4,0.07132410919531237,0.008922766892028311,FOUR_SEEDS_COMPLETE
Zeisel_2018,REAL_CL-DEPTH_SHUFFLED_CL,lineage_U,4,0.05439930271546242,0.0009636849249232979,FOUR_SEEDS_COMPLETE
Cao,REAL_CL-GENERIC_STAR,joint_correct_known,4,-0.02514224828259809,0.02272406892887773,FOUR_SEEDS_COMPLETE
Quake_10x,REAL_CL-GENERIC_STAR,joint_correct_known,4,0.0010759532335108124,0.0028013388400619154,FOUR_SEEDS_COMPLETE
Quake_Smart-seq2,REAL_CL-GENERIC_STAR,joint_correct_known,4,0.0010547536356969034,0.001139735467455357,FOUR_SEEDS_COMPLETE
Wagner,REAL_CL-GENERIC_STAR,joint_correct_known,4,-0.014672292245458629,0.018112235442132855,FOUR_SEEDS_COMPLETE
Zeisel_2018,REAL_CL-GENERIC_STAR,joint_correct_known,4,0.021559817203027437,0.08614288772585897,FOUR_SEEDS_COMPLETE
Cao,REAL_CL-GENERIC_STAR,novelty_ap,4,-0.003430860920715456,0.0007584691268588765,FOUR_SEEDS_COMPLETE
Quake_10x,REAL_CL-GENERIC_STAR,novelty_ap,4,6.698191595308489e-05,1.4201954355645097e-05,FOUR_SEEDS_COMPLETE
Quake_Smart-seq2,REAL_CL-GENERIC_STAR,novelty_ap,4,0.0005267628659262058,0.00011543576989331529,FOUR_SEEDS_COMPLETE
Wagner,REAL_CL-GENERIC_STAR,novelty_ap,4,-0.0020699933257426195,0.00023474215662579295,FOUR_SEEDS_COMPLETE
Zeisel_2018,REAL_CL-GENERIC_STAR,novelty_ap,4,-9.086841800001744e-05,0.00011021555684893059,FOUR_SEEDS_COMPLETE
Cao,REAL_CL-GENERIC_STAR,full_prednovel_ami,4,0.0006565820420055268,0.0050168286364739465,FOUR_SEEDS_COMPLETE
Quake_10x,REAL_CL-GENERIC_STAR,full_prednovel_ami,4,-0.0108716825955808,0.011227595402943786,FOUR_SEEDS_COMPLETE
Quake_Smart-seq2,REAL_CL-GENERIC_STAR,full_prednovel_ami,4,-0.0021776560923338073,0.0016907431176980603,FOUR_SEEDS_COMPLETE
Wagner,REAL_CL-GENERIC_STAR,full_prednovel_ami,4,-0.0002173527585730417,0.0040930070741079065,FOUR_SEEDS_COMPLETE
Zeisel_2018,REAL_CL-GENERIC_STAR,full_prednovel_ami,4,-0.010347923621788296,0.011932074045352124,FOUR_SEEDS_COMPLETE
Cao,REAL_CL-GENERIC_STAR,known_retention,4,-0.025440728085365405,0.022720594353497634,FOUR_SEEDS_COMPLETE
Quake_10x,REAL_CL-GENERIC_STAR,known_retention,4,0.0011718200730685135,0.00283750378297131,FOUR_SEEDS_COMPLETE
Quake_Smart-seq2,REAL_CL-GENERIC_STAR,known_retention,4,0.0011528842571179587,0.0009807755547800521,FOUR_SEEDS_COMPLETE
Wagner,REAL_CL-GENERIC_STAR,known_retention,4,-0.013786473280348432,0.01820558194794512,FOUR_SEEDS_COMPLETE
Zeisel_2018,REAL_CL-GENERIC_STAR,known_retention,4,0.022461607071020268,0.08643141511364504,FOUR_SEEDS_COMPLETE
Cao,REAL_CL-GENERIC_STAR,retained_known_accuracy,4,0.000292475819720861,0.00031631076335455197,FOUR_SEEDS_COMPLETE
Quake_10x,REAL_CL-GENERIC_STAR,retained_known_accuracy,4,-0.00010532329829504583,7.970792498827066e-05,FOUR_SEEDS_COMPLETE
Quake_Smart-seq2,REAL_CL-GENERIC_STAR,retained_known_accuracy,4,-0.00011140224174080449,0.0003836364960259035,FOUR_SEEDS_COMPLETE
Wagner,REAL_CL-GENERIC_STAR,retained_known_accuracy,4,-0.0018110957127701333,0.0006273718676979087,FOUR_SEEDS_COMPLETE
Zeisel_2018,REAL_CL-GENERIC_STAR,retained_known_accuracy,4,-0.0012314387443447261,0.0005351100531731554,FOUR_SEEDS_COMPLETE
Cao,REAL_CL-GENERIC_STAR,novelty_auroc,4,-0.008667466129606921,0.0008262915561748559,FOUR_SEEDS_COMPLETE
Quake_10x,REAL_CL-GENERIC_STAR,novelty_auroc,4,0.00014217292167290063,1.6265678911940884e-05,FOUR_SEEDS_COMPLETE
Quake_Smart-seq2,REAL_CL-GENERIC_STAR,novelty_auroc,4,0.0015589228415280043,0.0002315268348578298,FOUR_SEEDS_COMPLETE
Wagner,REAL_CL-GENERIC_STAR,novelty_auroc,4,-0.004873380211249778,0.0004332283002742963,FOUR_SEEDS_COMPLETE
Zeisel_2018,REAL_CL-GENERIC_STAR,novelty_auroc,4,-2.194628970114687e-05,8.908253149328753e-05,FOUR_SEEDS_COMPLETE
Cao,REAL_CL-GENERIC_STAR,threshold_precision,4,-0.012222122946410868,0.010234657193801231,FOUR_SEEDS_COMPLETE
Quake_10x,REAL_CL-GENERIC_STAR,threshold_precision,4,0.0007959359309427372,0.0018126071659805593,FOUR_SEEDS_COMPLETE
Quake_Smart-seq2,REAL_CL-GENERIC_STAR,threshold_precision,4,0.0006843175980631166,0.0004736735819651031,FOUR_SEEDS_COMPLETE
Wagner,REAL_CL-GENERIC_STAR,threshold_precision,4,-0.004613390627104363,0.005327593793144515,FOUR_SEEDS_COMPLETE
Zeisel_2018,REAL_CL-GENERIC_STAR,threshold_precision,4,0.006531923592277306,0.02742810785210934,FOUR_SEEDS_COMPLETE
Cao,REAL_CL-GENERIC_STAR,threshold_recall,4,-0.007525675835202472,0.001083553284776651,FOUR_SEEDS_COMPLETE
Quake_10x,REAL_CL-GENERIC_STAR,threshold_recall,4,0.0005414105940883818,0.00022094920793887127,FOUR_SEEDS_COMPLETE
Quake_Smart-seq2,REAL_CL-GENERIC_STAR,threshold_recall,4,0.0017949603037624995,0.0005010134865281011,FOUR_SEEDS_COMPLETE
Wagner,REAL_CL-GENERIC_STAR,threshold_recall,4,-0.003411337116623059,0.0014432686026368167,FOUR_SEEDS_COMPLETE
Zeisel_2018,REAL_CL-GENERIC_STAR,threshold_recall,4,2.8663807929568685e-05,2.885426722035259e-05,FOUR_SEEDS_COMPLETE
Cao,REAL_CL-GENERIC_STAR,threshold_f1,4,-0.01023058760173029,0.005967250640963014,FOUR_SEEDS_COMPLETE
Quake_10x,REAL_CL-GENERIC_STAR,threshold_f1,4,0.0006797096434572047,0.0009334765858483678,FOUR_SEEDS_COMPLETE
Quake_Smart-seq2,REAL_CL-GENERIC_STAR,threshold_f1,4,0.0011996877397093542,0.00048407878636245343,FOUR_SEEDS_COMPLETE
Wagner,REAL_CL-GENERIC_STAR,threshold_f1,4,-0.004104915136460663,0.0024638500278539215,FOUR_SEEDS_COMPLETE
Zeisel_2018,REAL_CL-GENERIC_STAR,threshold_f1,4,0.0038071921573972767,0.015327652598271166,FOUR_SEEDS_COMPLETE
Cao,REAL_CL-GENERIC_STAR,full_prednovel_ari,4,0.0027207331142397734,0.0191542455072006,FOUR_SEEDS_COMPLETE
Quake_10x,REAL_CL-GENERIC_STAR,full_prednovel_ari,4,-0.02309468780766097,0.0456436484537199,FOUR_SEEDS_COMPLETE
Quake_Smart-seq2,REAL_CL-GENERIC_STAR,full_prednovel_ari,4,-0.002039097305027715,0.0033752885558134232,FOUR_SEEDS_COMPLETE
Wagner,REAL_CL-GENERIC_STAR,full_prednovel_ari,4,-0.0026650403906456066,0.010130761003122699,FOUR_SEEDS_COMPLETE
Zeisel_2018,REAL_CL-GENERIC_STAR,full_prednovel_ari,4,-0.016394903812664077,0.014948925768425481,FOUR_SEEDS_COMPLETE
Cao,REAL_CL-GENERIC_STAR,full_prednovel_nmi,4,0.0008642024484489252,0.00497597625140046,FOUR_SEEDS_COMPLETE
Quake_10x,REAL_CL-GENERIC_STAR,full_prednovel_nmi,4,-0.010727007055438081,0.011107641767889798,FOUR_SEEDS_COMPLETE
Quake_Smart-seq2,REAL_CL-GENERIC_STAR,full_prednovel_nmi,4,-0.002137078668087128,0.0016395412175583782,FOUR_SEEDS_COMPLETE
Wagner,REAL_CL-GENERIC_STAR,full_prednovel_nmi,4,-0.0001956054234151794,0.004060599701806974,FOUR_SEEDS_COMPLETE
Zeisel_2018,REAL_CL-GENERIC_STAR,full_prednovel_nmi,4,-0.01034087678588727,0.011907883195088982,FOUR_SEEDS_COMPLETE
Cao,REAL_CL-GENERIC_STAR,lcc_yield,4,0.29875,0.03685243345902481,FOUR_SEEDS_COMPLETE
Quake_10x,REAL_CL-GENERIC_STAR,lcc_yield,4,0.0,0.0,FOUR_SEEDS_COMPLETE
Quake_Smart-seq2,REAL_CL-GENERIC_STAR,lcc_yield,4,0.0,0.0,FOUR_SEEDS_COMPLETE
Wagner,REAL_CL-GENERIC_STAR,lcc_yield,4,0.4409090909090909,0.046056618647183814,FOUR_SEEDS_COMPLETE
Zeisel_2018,REAL_CL-GENERIC_STAR,lcc_yield,4,0.18814699792960662,0.03347358284505961,FOUR_SEEDS_COMPLETE
Cao,REAL_CL-GENERIC_STAR,assigned_cell_coverage,4,0.3159686083629981,0.03057647496724894,FOUR_SEEDS_COMPLETE
Quake_10x,REAL_CL-GENERIC_STAR,assigned_cell_coverage,4,0.0,0.0,FOUR_SEEDS_COMPLETE
Quake_Smart-seq2,REAL_CL-GENERIC_STAR,assigned_cell_coverage,4,0.0,0.0,FOUR_SEEDS_COMPLETE
Wagner,REAL_CL-GENERIC_STAR,assigned_cell_coverage,4,0.3659214613990606,0.0525258512792694,FOUR_SEEDS_COMPLETE
Zeisel_2018,REAL_CL-GENERIC_STAR,assigned_cell_coverage,4,0.07607382748783072,0.002176193099984067,FOUR_SEEDS_COMPLETE
Cao,REAL_CL-GENERIC_STAR,lineage_U,0,,,PARTIAL_OR_NOT_EVALUABLE
Quake_10x,REAL_CL-GENERIC_STAR,lineage_U,0,,,PARTIAL_OR_NOT_EVALUABLE
Quake_Smart-seq2,REAL_CL-GENERIC_STAR,lineage_U,0,,,PARTIAL_OR_NOT_EVALUABLE
Wagner,REAL_CL-GENERIC_STAR,lineage_U,0,,,PARTIAL_OR_NOT_EVALUABLE
Zeisel_2018,REAL_CL-GENERIC_STAR,lineage_U,0,,,PARTIAL_OR_NOT_EVALUABLE
Cao,DEPTH_SHUFFLED_CL-GENERIC_STAR,joint_correct_known,4,-0.06867411533112697,0.06380789639383558,FOUR_SEEDS_COMPLETE
Quake_10x,DEPTH_SHUFFLED_CL-GENERIC_STAR,joint_correct_known,4,-0.00023625026277659944,0.001873479255574195,FOUR_SEEDS_COMPLETE
Quake_Smart-seq2,DEPTH_SHUFFLED_CL-GENERIC_STAR,joint_correct_known,4,0.0003685443659662002,0.0018100102079032774,FOUR_SEEDS_COMPLETE
Wagner,DEPTH_SHUFFLED_CL-GENERIC_STAR,joint_correct_known,4,0.0032305126320887056,0.0036040437620342295,FOUR_SEEDS_COMPLETE
Zeisel_2018,DEPTH_SHUFFLED_CL-GENERIC_STAR,joint_correct_known,4,-0.01796733011724755,0.061129299517912475,FOUR_SEEDS_COMPLETE
Cao,DEPTH_SHUFFLED_CL-GENERIC_STAR,novelty_ap,4,-0.0031808995887861458,0.0007714247986486255,FOUR_SEEDS_COMPLETE
Quake_10x,DEPTH_SHUFFLED_CL-GENERIC_STAR,novelty_ap,4,1.8024675568328874e-05,2.8337121108058508e-05,FOUR_SEEDS_COMPLETE
Quake_Smart-seq2,DEPTH_SHUFFLED_CL-GENERIC_STAR,novelty_ap,4,-0.0009038979727206131,0.00023845595755299083,FOUR_SEEDS_COMPLETE
Wagner,DEPTH_SHUFFLED_CL-GENERIC_STAR,novelty_ap,4,-0.0011065822634204747,0.00014531093805941278,FOUR_SEEDS_COMPLETE
Zeisel_2018,DEPTH_SHUFFLED_CL-GENERIC_STAR,novelty_ap,4,-8.590301309568948e-05,0.0001111412734485339,FOUR_SEEDS_COMPLETE
Cao,DEPTH_SHUFFLED_CL-GENERIC_STAR,full_prednovel_ami,4,0.020081543109771838,0.012436717197912507,FOUR_SEEDS_COMPLETE
Quake_10x,DEPTH_SHUFFLED_CL-GENERIC_STAR,full_prednovel_ami,4,-0.003806732540430624,0.004792034774589965,FOUR_SEEDS_COMPLETE
Quake_Smart-seq2,DEPTH_SHUFFLED_CL-GENERIC_STAR,full_prednovel_ami,4,-0.0010591992004314599,0.0018123191871976725,FOUR_SEEDS_COMPLETE
Wagner,DEPTH_SHUFFLED_CL-GENERIC_STAR,full_prednovel_ami,4,-0.007664484540176819,0.0072465366112407495,FOUR_SEEDS_COMPLETE
Zeisel_2018,DEPTH_SHUFFLED_CL-GENERIC_STAR,full_prednovel_ami,4,-0.002331829147918768,0.023718999708020803,FOUR_SEEDS_COMPLETE
Cao,DEPTH_SHUFFLED_CL-GENERIC_STAR,known_retention,4,-0.06922179241183535,0.06419346961670924,FOUR_SEEDS_COMPLETE
Quake_10x,DEPTH_SHUFFLED_CL-GENERIC_STAR,known_retention,4,0.00018689020460116446,0.001993861648299389,FOUR_SEEDS_COMPLETE
Quake_Smart-seq2,DEPTH_SHUFFLED_CL-GENERIC_STAR,known_retention,4,4.059550501572806e-05,0.0020014967728080157,FOUR_SEEDS_COMPLETE
Wagner,DEPTH_SHUFFLED_CL-GENERIC_STAR,known_retention,4,0.004558876122826905,0.0036337797205872263,FOUR_SEEDS_COMPLETE
Zeisel_2018,DEPTH_SHUFFLED_CL-GENERIC_STAR,known_retention,4,-0.01779476215539247,0.06133054564361821,FOUR_SEEDS_COMPLETE
Cao,DEPTH_SHUFFLED_CL-GENERIC_STAR,retained_known_accuracy,4,0.00046023508157994053,0.00032240874030036343,FOUR_SEEDS_COMPLETE
Quake_10x,DEPTH_SHUFFLED_CL-GENERIC_STAR,retained_known_accuracy,4,-0.00048161397367696424,0.0001783597551055195,FOUR_SEEDS_COMPLETE
Quake_Smart-seq2,DEPTH_SHUFFLED_CL-GENERIC_STAR,retained_known_accuracy,4,0.00042583239252946825,0.00043399433838077885,FOUR_SEEDS_COMPLETE
Wagner,DEPTH_SHUFFLED_CL-GENERIC_STAR,retained_known_accuracy,4,-0.002008456550647769,0.001409901356050576,FOUR_SEEDS_COMPLETE
Zeisel_2018,DEPTH_SHUFFLED_CL-GENERIC_STAR,retained_known_accuracy,4,-0.00035674881967470706,0.00033555527784403627,FOUR_SEEDS_COMPLETE
Cao,DEPTH_SHUFFLED_CL-GENERIC_STAR,novelty_auroc,4,-0.008126471477708369,0.001007174503390858,FOUR_SEEDS_COMPLETE
Quake_10x,DEPTH_SHUFFLED_CL-GENERIC_STAR,novelty_auroc,4,6.004990146749045e-05,3.551295855753668e-05,FOUR_SEEDS_COMPLETE
Quake_Smart-seq2,DEPTH_SHUFFLED_CL-GENERIC_STAR,novelty_auroc,4,-0.0014685083743913585,0.00037180051813970956,FOUR_SEEDS_COMPLETE
Wagner,DEPTH_SHUFFLED_CL-GENERIC_STAR,novelty_auroc,4,-0.003376501958635675,0.00035931456599151804,FOUR_SEEDS_COMPLETE
Zeisel_2018,DEPTH_SHUFFLED_CL-GENERIC_STAR,novelty_auroc,4,-4.036233595500205e-05,9.236602311197154e-05,FOUR_SEEDS_COMPLETE
Cao,DEPTH_SHUFFLED_CL-GENERIC_STAR,threshold_precision,4,-0.030478306417701162,0.026745652598020676,FOUR_SEEDS_COMPLETE
Quake_10x,DEPTH_SHUFFLED_CL-GENERIC_STAR,threshold_precision,4,0.00012256451278097602,0.0012748354498569277,FOUR_SEEDS_COMPLETE
Quake_Smart-seq2,DEPTH_SHUFFLED_CL-GENERIC_STAR,threshold_precision,4,3.67298305741226e-05,0.0008174645020013555,FOUR_SEEDS_COMPLETE
Wagner,DEPTH_SHUFFLED_CL-GENERIC_STAR,threshold_precision,4,0.0007763908372801775,0.0011350274953310765,FOUR_SEEDS_COMPLETE
Zeisel_2018,DEPTH_SHUFFLED_CL-GENERIC_STAR,threshold_precision,4,-0.006362732242708058,0.01967234402153215,FOUR_SEEDS_COMPLETE
Cao,DEPTH_SHUFFLED_CL-GENERIC_STAR,threshold_recall,4,-0.006138590485184725,0.0043715639366459,FOUR_SEEDS_COMPLETE
Quake_10x,DEPTH_SHUFFLED_CL-GENERIC_STAR,threshold_recall,4,-5.853087503657206e-05,8.277515729427195e-05,FOUR_SEEDS_COMPLETE
Quake_Smart-seq2,DEPTH_SHUFFLED_CL-GENERIC_STAR,threshold_recall,4,0.00017259233690022913,0.0008557981351645176,FOUR_SEEDS_COMPLETE
Wagner,DEPTH_SHUFFLED_CL-GENERIC_STAR,threshold_recall,4,-0.005531467193776701,0.0001413859454573796,FOUR_SEEDS_COMPLETE
Zeisel_2018,DEPTH_SHUFFLED_CL-GENERIC_STAR,threshold_recall,4,2.293104634365495e-05,3.24293967386028e-05,FOUR_SEEDS_COMPLETE
Cao,DEPTH_SHUFFLED_CL-GENERIC_STAR,threshold_f1,4,-0.020214570070897747,0.013559210760879797,FOUR_SEEDS_COMPLETE
Quake_10x,DEPTH_SHUFFLED_CL-GENERIC_STAR,threshold_f1,4,3.8764640967581254e-05,0.0007283361162394431,FOUR_SEEDS_COMPLETE
Quake_Smart-seq2,DEPTH_SHUFFLED_CL-GENERIC_STAR,threshold_f1,4,9.788501641200265e-05,0.0004106436207807642,FOUR_SEEDS_COMPLETE
Wagner,DEPTH_SHUFFLED_CL-GENERIC_STAR,threshold_f1,4,-0.00203028568613145,0.0006796700068336422,FOUR_SEEDS_COMPLETE
Zeisel_2018,DEPTH_SHUFFLED_CL-GENERIC_STAR,threshold_f1,4,-0.0033839232623103788,0.010958428357658328,FOUR_SEEDS_COMPLETE
Cao,DEPTH_SHUFFLED_CL-GENERIC_STAR,full_prednovel_ari,4,0.03885278749259105,0.019010148770837433,FOUR_SEEDS_COMPLETE
Quake_10x,DEPTH_SHUFFLED_CL-GENERIC_STAR,full_prednovel_ari,4,-0.012069532995942142,0.019732122038462453,FOUR_SEEDS_COMPLETE
Quake_Smart-seq2,DEPTH_SHUFFLED_CL-GENERIC_STAR,full_prednovel_ari,4,-0.0017818411594297534,0.0042845159574249085,FOUR_SEEDS_COMPLETE
Wagner,DEPTH_SHUFFLED_CL-GENERIC_STAR,full_prednovel_ari,4,-0.007121515570813464,0.009865622285369155,FOUR_SEEDS_COMPLETE
Zeisel_2018,DEPTH_SHUFFLED_CL-GENERIC_STAR,full_prednovel_ari,4,-0.007906918295031262,0.056198014938635216,FOUR_SEEDS_COMPLETE
Cao,DEPTH_SHUFFLED_CL-GENERIC_STAR,full_prednovel_nmi,4,0.020118767912798236,0.01222015968764995,FOUR_SEEDS_COMPLETE
Quake_10x,DEPTH_SHUFFLED_CL-GENERIC_STAR,full_prednovel_nmi,4,-0.0037691456997286654,0.004754905276915121,FOUR_SEEDS_COMPLETE
Quake_Smart-seq2,DEPTH_SHUFFLED_CL-GENERIC_STAR,full_prednovel_nmi,4,-0.0010349981807872555,0.0018168911857341132,FOUR_SEEDS_COMPLETE
Wagner,DEPTH_SHUFFLED_CL-GENERIC_STAR,full_prednovel_nmi,4,-0.007610659126920341,0.007183492400983298,FOUR_SEEDS_COMPLETE
Zeisel_2018,DEPTH_SHUFFLED_CL-GENERIC_STAR,full_prednovel_nmi,4,-0.0023396661898311133,0.023686305510328017,FOUR_SEEDS_COMPLETE
Cao,DEPTH_SHUFFLED_CL-GENERIC_STAR,lcc_yield,4,0.15081521739130435,0.04445793910075371,FOUR_SEEDS_COMPLETE
Quake_10x,DEPTH_SHUFFLED_CL-GENERIC_STAR,lcc_yield,4,0.007352941176470588,0.014705882352941175,FOUR_SEEDS_COMPLETE
Quake_Smart-seq2,DEPTH_SHUFFLED_CL-GENERIC_STAR,lcc_yield,4,0.0,0.0,FOUR_SEEDS_COMPLETE
Wagner,DEPTH_SHUFFLED_CL-GENERIC_STAR,lcc_yield,4,0.4199134199134199,0.0843322932414639,FOUR_SEEDS_COMPLETE
Zeisel_2018,DEPTH_SHUFFLED_CL-GENERIC_STAR,lcc_yield,4,0.09782608695652173,0.021739130434782608,FOUR_SEEDS_COMPLETE
Cao,DEPTH_SHUFFLED_CL-GENERIC_STAR,assigned_cell_coverage,4,0.1778548686922835,0.023885766335620024,FOUR_SEEDS_COMPLETE
Quake_10x,DEPTH_SHUFFLED_CL-GENERIC_STAR,assigned_cell_coverage,4,0.00018778838931215796,0.0003755767786243159,FOUR_SEEDS_COMPLETE
Quake_Smart-seq2,DEPTH_SHUFFLED_CL-GENERIC_STAR,assigned_cell_coverage,4,0.0,0.0,FOUR_SEEDS_COMPLETE
Wagner,DEPTH_SHUFFLED_CL-GENERIC_STAR,assigned_cell_coverage,4,0.3162443582168059,0.0807395450706589,FOUR_SEEDS_COMPLETE
Zeisel_2018,DEPTH_SHUFFLED_CL-GENERIC_STAR,assigned_cell_coverage,4,0.050106996856654,0.0009644225731578934,FOUR_SEEDS_COMPLETE
Cao,DEPTH_SHUFFLED_CL-GENERIC_STAR,lineage_U,0,,,PARTIAL_OR_NOT_EVALUABLE
Quake_10x,DEPTH_SHUFFLED_CL-GENERIC_STAR,lineage_U,0,,,PARTIAL_OR_NOT_EVALUABLE
Quake_Smart-seq2,DEPTH_SHUFFLED_CL-GENERIC_STAR,lineage_U,0,,,PARTIAL_OR_NOT_EVALUABLE
Wagner,DEPTH_SHUFFLED_CL-GENERIC_STAR,lineage_U,0,,,PARTIAL_OR_NOT_EVALUABLE
Zeisel_2018,DEPTH_SHUFFLED_CL-GENERIC_STAR,lineage_U,0,,,PARTIAL_OR_NOT_EVALUABLE
