alpha,arm,assigned_cell_coverage,completeness,dataset,exact_lca_accuracy,false_novel_rate,fn,fp,fragmentation_mean_clusters_per_type,full_prednovel_ami,full_prednovel_ari,full_prednovel_na_reason,full_prednovel_nmi,gt_mapping_coverage,homogeneity,joint_correct_known,joint_correct_known_n,known_contamination,known_retention,lcc_assigned_cells,lcc_assigned_clusters,lcc_eligible_cells,lcc_eligible_clusters,lcc_yield,lineage_U,lineage_assigned_evaluable_n,lineage_compatible_n,lineage_eligible_evaluable_n,lineage_mean_shortest_path,lineage_q_cell_weighted,lineage_q_cluster_macro,lineage_status,lineage_utility_numerator,merging_mean_types_per_cluster,n_known,n_novel,n_target,novelty_ap,novelty_auroc,novelty_threshold,over_specific_n,pred_novel_fraction,pred_novel_n,predicted_cluster_count,protocol_sha256,ranking_na_reason,retained_known_accuracy,run_id,seed,selective_known_risk,split_sha256,status,threshold_f1,threshold_precision,threshold_recall,tn,tp,under_specific_n
7.799212682247162,REAL_CL,0.3298123269408266,0.4994765956460836,Cao,0.125,0.3176493944808418,320,1600,9.083333333333334,0.6132908074042235,0.2821333774498775,,0.6156563623569694,1.0,0.8022658178836625,0.6805638276752035,3428,0.16408573479643113,0.6823506055191583,3216,8,9751,25,0.32,0.2727720233822172,3216,2892,9751,1.0143034825870647,0.8992537313432836,0.8081444518573062,EVALUABLE,2659.7999999999997,4.36,5037,8471,13508,0.9774431695137638,0.954922488705759,-7.799212682247162,0,0.7218685223571217,9751,25,4a54db2e65aca5f059c04ec44920666a6c0592f297840c748b0f10e40b942412,,0.9973814372999709,P0_Cao_s101_REAL_CL,101,0.002618562700029095,5b8b3ae4538f453ef3fd3380a7331d7363169d99111a548c526a27a2175b7d62,COMPLETE,0.8946328613763582,0.8359142652035688,0.9622240585527092,3437,8151,1095
7.789497995376587,DEPTH_SHUFFLED_CL,0.1680392156862745,0.5309485769143547,Cao,0.0,0.39944411355965853,283,2012,8.75,0.641790046723914,0.31790425705305747,,0.6437626371502345,1.0,0.817451902274742,0.5991661703394878,3018,0.19725490196078432,0.6005558864403415,1714,3,10200,24,0.125,0.11298039215686273,1714,1160,10200,1.4579929988331388,0.676779463243874,0.4046438075295555,EVALUABLE,1152.3999999999999,4.375,5037,8471,13508,0.97759586363547,0.9546835298146801,-7.789497995376587,0,0.7551080840983121,10200,24,4a54db2e65aca5f059c04ec44920666a6c0592f297840c748b0f10e40b942412,,0.9976859504132232,P0_Cao_s101_DEPTH_SHUFFLED_CL,101,0.0023140495867768596,5b8b3ae4538f453ef3fd3380a7331d7363169d99111a548c526a27a2175b7d62,COMPLETE,0.8770821059396926,0.8027450980392157,0.9665919017825523,3025,8188,347
7.474557352066039,GENERIC_STAR,0.0,0.5050243515733225,Cao,,0.2705975779233671,262,1363,8.5,0.6163505548739717,0.2965216925538272,,0.6183518805634224,1.0,0.797256294973741,0.7274171133611277,3664,0.14239448391140827,0.7294024220766329,0,0,9572,21,0.0,,0,0,9572,,,,not_applicable_synthetic,,4.857142857142857,5037,8471,13508,0.9811167628880617,0.9632372198768893,-7.474557352066039,0,0.7086171157832396,9572,21,4a54db2e65aca5f059c04ec44920666a6c0592f297840c748b0f10e40b942412,,0.9972781709308656,P0_Cao_s101_GENERIC_STAR,101,0.0027218290691344584,5b8b3ae4538f453ef3fd3380a7331d7363169d99111a548c526a27a2175b7d62,COMPLETE,0.9099373718339522,0.8576055160885917,0.9690709479400307,3674,8209,0
7.997174954414367,REAL_CL,0.0,0.6004157375944382,Quake_10x,,0.1250958148091369,42,1632,5.625,0.711161821470911,0.32029959568222727,,0.7135251904575082,1.0,0.879142680782216,0.8730645408554346,11390,0.08738955823293172,0.8749041851908631,0,0,18675,35,0.0,0.0,0,0,18675,,,,EVALUABLE,0.0,3.857142857142857,13046,17085,30131,0.9982460521567994,0.9975337621440014,-7.997174954414367,0,0.6197935680860244,18675,35,4a54db2e65aca5f059c04ec44920666a6c0592f297840c748b0f10e40b942412,,0.9978973190818293,P0_Quake_10x_s101_REAL_CL,101,0.0021026809181706675,8858d7548750cd22759b8be91706e0afbbbb30c057ed14cd8bb53390acfe7cea,COMPLETE,0.9531879194630872,0.9126104417670683,0.9975417032484636,11414,17043,0
7.998794257640839,DEPTH_SHUFFLED_CL,0.0007511535572486319,0.6192319087481365,Quake_10x,0.0,0.12340947416832745,57,1610,5.458333333333333,0.725618876849754,0.3650253855921218,,0.7278365510485708,1.0,0.8826391506624082,0.8745975778016251,11410,0.08638265908359266,0.8765905258316725,14,1,18638,34,0.029411764705882353,0.0,14,0,18638,4.0,0.0,0.0,EVALUABLE,0.0,3.8529411764705883,13046,17085,30131,0.9982092151951427,0.9974668325415336,-7.998794257640839,0,0.6185655968935647,18638,34,4a54db2e65aca5f059c04ec44920666a6c0592f297840c748b0f10e40b942412,,0.9977264777894369,P0_Quake_10x_s101_DEPTH_SHUFFLED_CL,101,0.002273522210563134,8858d7548750cd22759b8be91706e0afbbbb30c057ed14cd8bb53390acfe7cea,COMPLETE,0.9533353861657755,0.9136173409164073,0.9966637401229148,11436,17028,0
7.8183704853057865,GENERIC_STAR,0.0,0.6197920466243786,Quake_10x,,0.12233634830599417,56,1596,5.291666666666667,0.7250919575108433,0.36186853816877756,,0.727279605284664,1.0,0.8798714936480225,0.8759006592058869,11427,0.08569127516778524,0.8776636516940058,0,0,18625,33,0.0,,0,0,18625,,,,not_applicable_synthetic,,3.8484848484848486,13046,17085,30131,0.9981594834004379,0.9973685019276919,-7.8183704853057865,0,0.6181341475556735,18625,33,4a54db2e65aca5f059c04ec44920666a6c0592f297840c748b0f10e40b942412,,0.9979912663755458,P0_Quake_10x_s101_GENERIC_STAR,101,0.0020087336244541485,8858d7548750cd22759b8be91706e0afbbbb30c057ed14cd8bb53390acfe7cea,COMPLETE,0.9537384486138336,0.9143087248322148,0.9967222709979514,11450,17029,0
7.754351687431335,REAL_CL,0.0,0.8227480667936509,Quake_Smart-seq2,,0.22985347985347984,587,1757,4.966666666666667,0.8386712706496228,0.8650821272653604,,0.8403761999416532,1.0,0.8587762704502837,0.7621664050235479,5826,0.11223251357393804,0.7701465201465202,0,0,15655,31,0.0,0.0,0,0,15655,,,,EVALUABLE,0.0,4.806451612903226,7644,14485,22129,0.9775633518446161,0.9561940779604374,-7.754351687431335,0,0.7074427222197117,15655,31,4a54db2e65aca5f059c04ec44920666a6c0592f297840c748b0f10e40b942412,,0.9896381858331917,P0_Quake_Smart-seq2_s101_REAL_CL,101,0.010361814166808222,b44f7da30b98fde99763e41ac9f7755bffd0d29ca8b48f4c579e2174bd6e8ea8,COMPLETE,0.922229595222296,0.887767486426062,0.9594753192958233,5887,13898,0
7.753074204921722,DEPTH_SHUFFLED_CL,0.0,0.8310292210462081,Quake_Smart-seq2,,0.23377812663526948,606,1787,4.9,0.8396366902294438,0.8593421638518098,,0.841321700364819,1.0,0.8518723261148933,0.7587650444793302,5800,0.1140686837737776,0.7662218733647305,0,0,15666,31,0.0,0.0,0,0,15666,,,,EVALUABLE,0.0,4.741935483870968,7644,14485,22129,0.9760458848248265,0.9530297496444742,-7.753074204921722,0,0.7079398074924308,15666,31,4a54db2e65aca5f059c04ec44920666a6c0592f297840c748b0f10e40b942412,,0.9902680553184224,P0_Quake_Smart-seq2_s101_DEPTH_SHUFFLED_CL,101,0.0097319446815776,b44f7da30b98fde99763e41ac9f7755bffd0d29ca8b48f4c579e2174bd6e8ea8,COMPLETE,0.9206328148320122,0.8859313162262223,0.9581636175353815,5857,13879,0
7.632307386398315,GENERIC_STAR,0.0,0.8264674681323274,Quake_Smart-seq2,,0.23116169544740972,616,1767,5.0,0.8416421856160217,0.8656591364067141,,0.8433080955197332,1.0,0.8608493091933853,0.7605965463108321,5814,0.11300844205679202,0.7688383045525903,0,0,15636,31,0.0,,0,0,15636,,,,not_applicable_synthetic,,4.838709677419355,7644,14485,22129,0.977143216437853,0.9548095957004187,-7.632307386398315,0,0.7065841203850152,15636,31,4a54db2e65aca5f059c04ec44920666a6c0592f297840c748b0f10e40b942412,,0.9892802450229708,P0_Quake_Smart-seq2_s101_GENERIC_STAR,101,0.010719754977029096,b44f7da30b98fde99763e41ac9f7755bffd0d29ca8b48f4c579e2174bd6e8ea8,COMPLETE,0.9208857607649148,0.8869915579432079,0.9574732481877805,5877,13869,0
7.863010346889496,REAL_CL,0.3216487972890395,0.3656778055341567,Wagner,0.0,0.424446583253128,328,2646,10.2,0.44953607320939587,0.15441006720702438,,0.450659232501543,1.0,0.5870972758049702,0.5651267244145011,3523,0.14699183378701183,0.575553416746872,5790,8,18001,20,0.4,0.08760624409755013,5790,1577,18001,3.219516407599309,0.2723661485319516,0.39956414513608185,EVALUABLE,1577.0,5.1,6234,15683,21917,0.9850130898255264,0.9607272472531915,-7.863010346889496,21,0.8213259113929826,18001,20,4a54db2e65aca5f059c04ec44920666a6c0592f297840c748b0f10e40b942412,,0.9818840579710145,P0_Wagner_s101_REAL_CL,101,0.018115942028985508,4de6c49ee8c28a1cc36c4828d417abc5d8d5e3ad8e528c6d84c053ce6fe09f94,COMPLETE,0.9117088231801449,0.8530081662129881,0.9790856341261238,3588,15355,0
7.821485340595245,DEPTH_SHUFFLED_CL,0.22452787515549022,0.3423144949908839,Wagner,0.0,0.38257940327237727,382,2385,11.3,0.42816810065811883,0.1316989671155732,,0.42946292999804514,1.0,0.5761400478142126,0.6055502085338467,3775,0.13485242564740474,0.6174205967276227,3971,7,17686,22,0.3181818181818182,0.0040144747257717965,3971,71,17686,4.942583732057416,0.017879627297909845,0.015321536469572723,EVALUABLE,71.0,5.136363636363637,6234,15683,21917,0.9857645287649323,0.9620493386873239,-7.821485340595245,21,0.8069535064105489,17686,22,4a54db2e65aca5f059c04ec44920666a6c0592f297840c748b0f10e40b942412,,0.9807742270719667,P0_Wagner_s101_DEPTH_SHUFFLED_CL,101,0.019225772928033256,4de6c49ee8c28a1cc36c4828d417abc5d8d5e3ad8e528c6d84c053ce6fe09f94,COMPLETE,0.9170787257634331,0.8651475743525953,0.9756424153542052,3849,15301,0
7.691872763633728,GENERIC_STAR,0.0,0.3609496493154827,Wagner,,0.38755213346166184,296,2416,10.5,0.44610432588131843,0.1527245044964397,,0.4472475370578686,1.0,0.5877764654907793,0.6029836381135707,3759,0.13570746503398304,0.6124478665383382,0,0,17803,20,0.0,,0,0,17803,,,,not_applicable_synthetic,,5.25,6234,15683,21917,0.98674159161082,0.9651116448109072,-7.691872763633728,0,0.8122918282611671,17803,20,4a54db2e65aca5f059c04ec44920666a6c0592f297840c748b0f10e40b942412,,0.9845468831849136,P0_Wagner_s101_GENERIC_STAR,101,0.015453116815086433,4de6c49ee8c28a1cc36c4828d417abc5d8d5e3ad8e528c6d84c053ce6fe09f94,COMPLETE,0.9190109299408709,0.864292534966017,0.9811260600650386,3818,15387,0
8.912823104858397,REAL_CL,0.0735748501752276,0.5449413846817731,Zeisel_2018,0.25,0.26305289557683537,1,4615,5.333333333333333,0.6991247052722316,0.2708352966992186,,0.6995226538044638,1.0,0.9765312294636239,0.7351231190150479,12897,0.09570122140887129,0.7369471044231646,3548,4,48223,24,0.16666666666666666,0.06025219639314573,3548,3499,48223,0.9456031567080045,0.9861894024802705,0.9867297534067287,EVALUABLE,2905.5416666666665,2.6666666666666665,17544,43609,61153,0.9999569290167665,0.9998896789765396,-8.912823104858397,0,0.7885631121940052,48223,24,4a54db2e65aca5f059c04ec44920666a6c0592f297840c748b0f10e40b942412,,0.9975249439245107,P0_Zeisel_2018_s101_REAL_CL,101,0.00247505607548921,4f08d32c30e59ebe12ac289c222d8995a91c66e53b9b9663394d7cf4c138ec5c,COMPLETE,0.9497342974126666,0.9042987785911287,0.9999770689536563,12929,43608,1565
8.905267691612243,DEPTH_SHUFFLED_CL,0.051439782550939075,0.5872190636590963,Zeisel_2018,0.0,0.30340857273141814,1,5323,5.083333333333333,0.7332665350184935,0.3341282587373103,,0.7336105283950212,1.0,0.977230301884203,0.6953374373005016,12199,0.10878584128670986,0.6965914272685818,2517,2,48931,23,0.08695652173913043,0.006793239459647258,2517,554,48931,3.542709574890743,0.22010329757647992,0.5,EVALUABLE,332.4,2.652173913043478,17544,43609,61153,0.9999483583915901,0.9998683634553487,-8.905267691612243,0,0.8001406308766537,48931,23,4a54db2e65aca5f059c04ec44920666a6c0592f297840c748b0f10e40b942412,,0.9981998199819982,P0_Zeisel_2018_s101_DEPTH_SHUFFLED_CL,101,0.0018001800180018,4f08d32c30e59ebe12ac289c222d8995a91c66e53b9b9663394d7cf4c138ec5c,COMPLETE,0.9424681218932354,0.8912141587132901,0.9999770689536563,12221,43608,554
8.444505333900452,GENERIC_STAR,0.0,0.5639320402232103,Zeisel_2018,,0.3137254901960784,2,5504,5.583333333333333,0.7143951774881345,0.2864447152954652,,0.7147667275440934,1.0,0.9757502828707605,0.6850205198358413,12018,0.11207265174808088,0.6862745098039216,0,0,49111,24,0.0,,0,0,49111,,,,not_applicable_synthetic,,2.7916666666666665,17544,43609,61153,0.9999248925877632,0.9998079289598067,-8.444505333900452,0,0.8030840678298693,49111,24,4a54db2e65aca5f059c04ec44920666a6c0592f297840c748b0f10e40b942412,,0.998172757475083,P0_Zeisel_2018_s101_GENERIC_STAR,101,0.0018272425249169434,4f08d32c30e59ebe12ac289c222d8995a91c66e53b9b9663394d7cf4c138ec5c,COMPLETE,0.9406169111302848,0.8879273482519191,0.9999541379073127,12040,43607,0
7.771793842315674,REAL_CL,0.34956224642323297,0.47161814060592333,Cao,0.0,0.25823846614739365,398,1293,8.5,0.5908938728237216,0.25091319214701147,,0.5930772648996109,1.0,0.7987970718371795,0.7407629318953465,3709,0.13805253042921203,0.7417615338526063,3274,7,9366,21,0.3333333333333333,0.3283578902412983,3274,3141,9366,0.42547342700061086,0.9593769089798412,0.9277951658216909,EVALUABLE,3075.3999999999996,4.857142857142857,5007,8471,13478,0.9740075061784186,0.945910007656145,-7.771793842315674,0,0.6949102240688529,9366,21,4a54db2e65aca5f059c04ec44920666a6c0592f297840c748b0f10e40b942412,,0.9986537425955843,P0_Cao_s202_REAL_CL,202,0.0013462574044157242,b2983bf9fcd736c1ce20f788e1834783221fe0495034d104110df7dba44b4474,COMPLETE,0.9051970622862588,0.8619474695707879,0.9530161728249321,3714,8073,630
7.6742455005645756,DEPTH_SHUFFLED_CL,0.2030187074829932,0.48358582931684657,Cao,0.0,0.274216097463551,436,1373,8.75,0.6033925786073849,0.2860468631617672,,0.605731243257512,1.0,0.8104324617625814,0.7245855801877372,3628,0.14593962585034015,0.725783902536449,1910,5,9408,23,0.21739130434782608,0.160062358276644,1910,1585,9408,1.0890052356020943,0.8298429319371727,0.7501823239870087,EVALUABLE,1505.8666666666668,4.565217391304348,5007,8471,13478,0.9739980609043789,0.9459224562887367,-7.6742455005645756,0,0.6980264134144532,9408,23,4a54db2e65aca5f059c04ec44920666a6c0592f297840c748b0f10e40b942412,,0.9983489268024216,P0_Cao_s202_DEPTH_SHUFFLED_CL,202,0.001651073197578426,b2983bf9fcd736c1ce20f788e1834783221fe0495034d104110df7dba44b4474,COMPLETE,0.8988198445103194,0.8540603741496599,0.9485302797780664,3634,8035,545
7.463932371139526,GENERIC_STAR,0.0,0.4793734762648965,Cao,,0.2628320351507889,344,1316,7.833333333333333,0.5951473086401987,0.26183979709524796,,0.5971883493518183,1.0,0.7917838283957499,0.7357699221090473,3684,0.13936249073387694,0.7371679648492111,0,0,9443,20,0.0,,0,0,9443,,,,not_applicable_synthetic,,4.7,5007,8471,13478,0.9774944364911827,0.9547998284635014,-7.463932371139526,0,0.7006232378691201,9443,20,4a54db2e65aca5f059c04ec44920666a6c0592f297840c748b0f10e40b942412,,0.9981034949878081,P0_Cao_s202_GENERIC_STAR,202,0.001896505012191818,b2983bf9fcd736c1ce20f788e1834783221fe0495034d104110df7dba44b4474,COMPLETE,0.9073350452160321,0.860637509266123,0.9593908629441624,3691,8127,0
7.966127848625183,REAL_CL,0.0,0.6011795386792318,Quake_10x,,0.11407859595574209,44,1495,5.458333333333333,0.7113063245807739,0.33418136392422904,,0.7135991690652912,1.0,0.8777340612054201,0.8834032811903854,11577,0.08065386275356064,0.8859214040442579,0,0,18536,33,0.0,0.0,0,0,18536,,,,EVALUABLE,0.0,3.9696969696969697,13105,17085,30190,0.9982597026096276,0.9975992671693266,-7.966127848625183,0,0.6139781384564426,18536,33,4a54db2e65aca5f059c04ec44920666a6c0592f297840c748b0f10e40b942412,,0.9971576227390181,P0_Quake_10x_s202_REAL_CL,202,0.002842377260981912,4c06e407b8567bdb407bdb6ae129063d3237a15c3faa9bfe41349036b8bc3944,COMPLETE,0.9567951489290025,0.9193461372464393,0.9974246414983904,11610,17041,0
7.963406276702881,DEPTH_SHUFFLED_CL,0.0,0.5992414251231415,Quake_10x,,0.11613887829072873,54,1522,5.791666666666667,0.711116923522332,0.3261068718622164,,0.7134577875707347,1.0,0.881466741183814,0.8810377718428081,11546,0.08203525036382256,0.8838611217092712,0,0,18553,34,0.0,0.0,0,0,18553,,,,EVALUABLE,0.0,4.088235294117647,13105,17085,30190,0.9982146774642349,0.9975196955501238,-7.963406276702881,0,0.6145412388208016,18553,34,4a54db2e65aca5f059c04ec44920666a6c0592f297840c748b0f10e40b942412,,0.9968056634723301,P0_Quake_10x_s202_DEPTH_SHUFFLED_CL,202,0.003194336527669861,4c06e407b8567bdb407bdb6ae129063d3237a15c3faa9bfe41349036b8bc3944,COMPLETE,0.9557775408272069,0.9179647496361775,0.9968393327480246,11583,17031,0
7.790791189670562,GENERIC_STAR,0.0,0.6025263675128028,Quake_10x,,0.11781762685997711,54,1544,5.75,0.7140650451428612,0.3341058028946695,,0.7164021504968617,1.0,0.8833534617246396,0.8798168637924456,11530,0.08312247644683715,0.8821823731400229,0,0,18575,34,0.0,,0,0,18575,,,,not_applicable_synthetic,,4.0588235294117645,13105,17085,30190,0.9981990000363933,0.9974709950036607,-7.790791189670562,0,0.6152699569393839,18575,34,4a54db2e65aca5f059c04ec44920666a6c0592f297840c748b0f10e40b942412,,0.9973185710578669,P0_Quake_10x_s202_GENERIC_STAR,202,0.0026814289421330335,4c06e407b8567bdb407bdb6ae129063d3237a15c3faa9bfe41349036b8bc3944,COMPLETE,0.9551878855860909,0.9168775235531629,0.9968393327480246,11561,17031,0
7.7385734677314755,REAL_CL,0.0,0.826350469789388,Quake_Smart-seq2,,0.2303275479577189,551,1765,4.766666666666667,0.8423003488483722,0.8702109001073678,,0.8439108512822913,1.0,0.8622337717890586,0.7606681456348688,5829,0.11242754315561501,0.7696724520422811,0,0,15699,30,0.0,0.0,0,0,15699,,,,EVALUABLE,0.0,4.766666666666667,7663,14485,22148,0.979438127786594,0.9595489418758649,-7.7385734677314755,0,0.7088224670399134,15699,30,4a54db2e65aca5f059c04ec44920666a6c0592f297840c748b0f10e40b942412,,0.9883011190233978,P0_Quake_Smart-seq2_s202_REAL_CL,202,0.011698880976602238,d15dc45d297bc0a1479e2689cf1336472182b25626d43d927ebbca8eeb96d872,COMPLETE,0.9232706069440764,0.887572456844385,0.9619606489471867,5898,13934,0
7.731921470165252,DEPTH_SHUFFLED_CL,0.0,0.8290062921413807,Quake_Smart-seq2,,0.23045804515202922,558,1766,4.666666666666667,0.8442478113838336,0.8704219360228167,,0.8458186019084685,1.0,0.8633269369252835,0.7609291400234895,5831,0.11253425093990951,0.7695419548479707,0,0,15693,30,0.0,0.0,0,0,15693,,,,EVALUABLE,0.0,4.666666666666667,7663,14485,22148,0.9784095449342581,0.9572404433553211,-7.731921470165252,0,0.7085515622178075,15693,30,4a54db2e65aca5f059c04ec44920666a6c0592f297840c748b0f10e40b942412,,0.9888078684076649,P0_Quake_Smart-seq2_s202_DEPTH_SHUFFLED_CL,202,0.011192131592335086,d15dc45d297bc0a1479e2689cf1336472182b25626d43d927ebbca8eeb96d872,COMPLETE,0.922990257803698,0.8874657490600905,0.961477390403866,5897,13927,0
7.616696465015412,GENERIC_STAR,0.0,0.8285437978774655,Quake_Smart-seq2,,0.23006655356909828,567,1763,4.7,0.8438510886683955,0.8706542922864765,,0.8454375766133875,1.0,0.8630346135350978,0.7613206316064205,5834,0.11242905426949812,0.7699334464309018,0,0,15681,30,0.0,,0,0,15681,,,,not_applicable_synthetic,,4.7,7663,14485,22148,0.9789736187226967,0.9581965458919713,-7.616696465015412,0,0.7080097525735958,15681,30,4a54db2e65aca5f059c04ec44920666a6c0592f297840c748b0f10e40b942412,,0.9888135593220339,P0_Quake_Smart-seq2_s202_GENERIC_STAR,202,0.011186440677966102,d15dc45d297bc0a1479e2689cf1336472182b25626d43d927ebbca8eeb96d872,COMPLETE,0.9227607239939004,0.8875709457305019,0.9608560579910252,5900,13918,0
7.75133798122406,REAL_CL,0.380435410290466,0.32624858089605335,Wagner,0.0,0.3314176245210728,442,2076,12.0,0.4120776611647793,0.11222678880823113,,0.4134404573385737,1.0,0.5642358485617931,0.6562899106002554,4111,0.1198821966853381,0.6685823754789272,6588,10,17317,22,0.45454545454545453,0.06871860021943754,6588,1190,17317,3.5848512446873104,0.1806314511232544,0.3224232328022857,EVALUABLE,1190.0,5.454545454545454,6264,15683,21947,0.9818426217402036,0.9551235723594275,-7.75133798122406,10,0.789037226044562,17317,22,4a54db2e65aca5f059c04ec44920666a6c0592f297840c748b0f10e40b942412,,0.981614135625597,P0_Wagner_s202_REAL_CL,202,0.018385864374403055,aacac9a8f558c9a55334ca7b6294af32c71237d94e536ea080da5db60c1db03d,COMPLETE,0.9236969696969697,0.8801178033146619,0.9718166167187401,4188,15241,0
7.719328546524048,DEPTH_SHUFFLED_CL,0.31963337030766537,0.32702856677165176,Wagner,0.0,0.3092273307790549,491,1937,11.7,0.41195774340619196,0.12319132620833753,,0.41329002501514894,1.0,0.5613625771724519,0.678639846743295,4251,0.11308307548601787,0.690772669220945,5475,9,17129,21,0.42857142857142855,0.0050090489812598515,5475,86,17129,5.814246575342466,0.015707762557077627,0.01782705078727636,EVALUABLE,85.8,5.571428571428571,6264,15683,21947,0.9827182981623057,0.9563906136742251,-7.719328546524048,9,0.7804711350070624,17129,21,4a54db2e65aca5f059c04ec44920666a6c0592f297840c748b0f10e40b942412,,0.9824358678067946,P0_Wagner_s202_DEPTH_SHUFFLED_CL,202,0.017564132193205455,aacac9a8f558c9a55334ca7b6294af32c71237d94e536ea080da5db60c1db03d,COMPLETE,0.9260026819456296,0.8869169245139822,0.9686922144997768,4327,15192,1
7.57255187034607,GENERIC_STAR,0.0,0.3282958716796173,Wagner,,0.3143358876117497,406,1969,11.5,0.41286492165593697,0.12102061092271672,,0.41418190010242345,1.0,0.5609269248361048,0.6738505747126436,4221,0.11417140206424678,0.6856641123882503,0,0,17246,21,0.0,,0,0,17246,,,,not_applicable_synthetic,,5.476190476190476,6264,15683,21947,0.984003570898117,0.9602536432018498,-7.57255187034607,0,0.785802159748485,17246,21,4a54db2e65aca5f059c04ec44920666a6c0592f297840c748b0f10e40b942412,,0.9827706635622817,P0_Wagner_s202_GENERIC_STAR,202,0.017229336437718276,aacac9a8f558c9a55334ca7b6294af32c71237d94e536ea080da5db60c1db03d,COMPLETE,0.9278751252695193,0.8858285979357532,0.9741120959000191,4295,15277,0
8.909554958343506,REAL_CL,0.075857929378648,0.5829192273739557,Zeisel_2018,0.25,0.26636096014492755,0,4705,5.5,0.7300890144788803,0.3332918267076374,,0.730447724203338,1.0,0.9779538082887212,0.7309216485507246,12911,0.09738378109864636,0.7336390398550725,3665,4,48314,23,0.17391304347826086,0.06169433290557602,3665,3626,48314,0.9882673942701228,0.9893587994542974,0.9918351331151258,EVALUABLE,2980.7,2.869565217391304,17664,43609,61273,0.999611998729592,0.9996030426092075,-8.909554958343506,0,0.7885039087363113,48314,23,4a54db2e65aca5f059c04ec44920666a6c0592f297840c748b0f10e40b942412,,0.9962960104946369,P0_Zeisel_2018_s202_REAL_CL,202,0.003703989505363068,b950f097fbaf600706164cdfcb190a54e40c45cf70321702f8a9819aa93d304d,COMPLETE,0.948815856749671,0.9026162189013537,1.0,12959,43609,1726
8.899741983413696,DEPTH_SHUFFLED_CL,0.05015969208091065,0.5872775941386034,Zeisel_2018,0.0,0.29636548913043476,0,5235,5.666666666666667,0.7337665352446961,0.3397383462999357,,0.7341104050448837,1.0,0.9788436801156687,0.7014832427536232,12391,0.10717795430349684,0.7036345108695652,2450,2,48844,23,0.08695652173913043,0.0064245352550978616,2450,523,48844,3.557142857142857,0.21346938775510205,0.5,EVALUABLE,313.79999999999995,2.9565217391304346,17664,43609,61273,0.9996049033690203,0.999576048260381,-8.899741983413696,0,0.7971537218677068,48844,23,4a54db2e65aca5f059c04ec44920666a6c0592f297840c748b0f10e40b942412,,0.9969426341620404,P0_Zeisel_2018_s202_DEPTH_SHUFFLED_CL,202,0.0030573658379596104,b950f097fbaf600706164cdfcb190a54e40c45cf70321702f8a9819aa93d304d,COMPLETE,0.9433766346143446,0.8928220456965031,1.0,12429,43609,523
8.399745464324951,GENERIC_STAR,0.0,0.5746367931457832,Zeisel_2018,,0.21778759057971014,3,3847,5.083333333333333,0.7232180141484154,0.3335410801936458,,0.7236009552520779,1.0,0.9768251518259019,0.7800611413043478,13779,0.0810696900090616,0.7822124094202898,0,0,47453,23,0.0,,0,0,47453,,,,not_applicable_synthetic,,2.652173913043478,17664,43609,61273,0.9998458731262215,0.9997369835986523,-8.399745464324951,0,0.7744520424983271,47453,23,4a54db2e65aca5f059c04ec44920666a6c0592f297840c748b0f10e40b942412,,0.9972497647825143,P0_Zeisel_2018_s202_GENERIC_STAR,202,0.002750235217485706,b950f097fbaf600706164cdfcb190a54e40c45cf70321702f8a9819aa93d304d,COMPLETE,0.9577211130877863,0.9189303099909384,0.999931206860969,13817,43606,0
7.761362504959107,REAL_CL,0.2788441477154183,0.48549726377804514,Cao,0.14285714285714285,0.2957886372665872,374,1489,9.0,0.6030788622429135,0.281894974665147,,0.6054407210906607,1.0,0.8040945225313095,0.7010329757647994,3529,0.1553306905904444,0.7042113627334128,2673,7,9586,24,0.2916666666666667,0.24197788441477153,2673,2510,9586,0.8481107369996259,0.9390198279087167,0.9204021852116939,EVALUABLE,2319.6,4.5,5034,8471,13505,0.9751859927183554,0.9505830661969624,-7.761362504959107,0,0.7098111810440577,9586,24,4a54db2e65aca5f059c04ec44920666a6c0592f297840c748b0f10e40b942412,,0.9954866008462624,P0_Cao_s303_REAL_CL,303,0.004513399153737658,9b6ec6fc1cde80ce651fd4fc968f500d70ce4f588eb8bab146b6dafb71bd56c1,COMPLETE,0.8968267154012295,0.8446693094095556,0.9558493684334789,3545,8097,987
7.764700222015381,DEPTH_SHUFFLED_CL,0.14939327630793714,0.527021138089028,Cao,0.0,0.37822804926499803,321,1904,8.25,0.6335748902790205,0.33226601311281273,,0.6355728095015815,1.0,0.8004414469286185,0.6191895113230036,3117,0.18937736224388302,0.621771950735002,1502,3,10054,23,0.13043478260869565,0.09466878854187388,1502,961,10054,1.6731025299600533,0.6398135818908123,0.39693100637013085,EVALUABLE,951.8,4.304347826086956,5034,8471,13505,0.9756908400551868,0.9518489828134569,-7.764700222015381,0,0.7444650129581637,10054,23,4a54db2e65aca5f059c04ec44920666a6c0592f297840c748b0f10e40b942412,,0.9958466453674122,P0_Cao_s303_DEPTH_SHUFFLED_CL,303,0.004153354632587859,9b6ec6fc1cde80ce651fd4fc968f500d70ce4f588eb8bab146b6dafb71bd56c1,COMPLETE,0.8798920377867746,0.810622637756117,0.9621060087356864,3130,8150,364
7.443508052825928,GENERIC_STAR,0.0,0.48262076833986844,Cao,,0.25764799364322605,301,1297,8.833333333333334,0.5985446486014101,0.2724189350271238,,0.6007741767136895,1.0,0.7955337750719933,0.7385776718315455,3718,0.1370022182317524,0.7423520063567739,0,0,9467,22,0.0,,0,0,9467,,,,not_applicable_synthetic,,4.818181818181818,5034,8471,13505,0.9793672088379268,0.9602816184615844,-7.443508052825928,0,0.700999629766753,9467,22,4a54db2e65aca5f059c04ec44920666a6c0592f297840c748b0f10e40b942412,,0.9949157077869949,P0_Cao_s303_GENERIC_STAR,303,0.005084292213005084,9b6ec6fc1cde80ce651fd4fc968f500d70ce4f588eb8bab146b6dafb71bd56c1,COMPLETE,0.9109153751811796,0.8629977817682476,0.9644670050761421,3737,8170,0
7.979758453369141,REAL_CL,0.0,0.6023934989004448,Quake_10x,,0.12097147262914418,44,1569,6.208333333333333,0.7143126340242851,0.3297915007737019,,0.7166788474855201,1.0,0.8844816015585937,0.8771010023130301,11376,0.08430951101558302,0.8790285273708558,0,0,18610,35,0.0,0.0,0,0,18610,,,,EVALUABLE,0.0,4.257142857142857,12970,17085,30055,0.9981842234225545,0.9974795147578358,-7.979758453369141,0,0.6191981367492929,18610,35,4a54db2e65aca5f059c04ec44920666a6c0592f297840c748b0f10e40b942412,,0.997807209893869,P0_Quake_10x_s303_REAL_CL,303,0.002192790106131041,a04bfbb257af12e1b8c4d97fc8452c80e39d255590e39f7ad54b7fdfb7f7c820,COMPLETE,0.9548115982630621,0.915690488984417,0.9974246414983904,11401,17041,0
7.989772295951843,DEPTH_SHUFFLED_CL,0.0,0.6217014082106957,Quake_10x,,0.1215111796453354,52,1576,5.708333333333333,0.7291186966710056,0.3661386144214535,,0.7312786978862535,1.0,0.8877476764242149,0.8760986892829606,11363,0.08469020366489333,0.8784888203546646,0,0,18609,33,0.0,0.0,0,0,18609,,,,EVALUABLE,0.0,4.151515151515151,12970,17085,30055,0.9981560662551705,0.997422294848042,-7.989772295951843,0,0.6191648644152388,18609,33,4a54db2e65aca5f059c04ec44920666a6c0592f297840c748b0f10e40b942412,,0.9972792697911181,P0_Quake_10x_s303_DEPTH_SHUFFLED_CL,303,0.0027207302088818677,a04bfbb257af12e1b8c4d97fc8452c80e39d255590e39f7ad54b7fdfb7f7c820,COMPLETE,0.9543900935731495,0.9153097963351067,0.9969563944980977,11394,17033,0
7.820190000534058,GENERIC_STAR,0.0,0.6383448669989089,Quake_10x,,0.1235929067077872,52,1603,5.625,0.7397579059718223,0.40700697404793124,,0.7418165065450498,1.0,0.885321483490984,0.8746337702390131,11344,0.08601631251341489,0.8764070932922128,0,0,18636,32,0.0,,0,0,18636,,,,not_applicable_synthetic,,4.21875,12970,17085,30055,0.9981307314573529,0.997345489433417,-7.820190000534058,0,0.620063217434703,18636,32,4a54db2e65aca5f059c04ec44920666a6c0592f297840c748b0f10e40b942412,,0.9979765989267176,P0_Quake_10x_s303_GENERIC_STAR,303,0.0020234010732823084,a04bfbb257af12e1b8c4d97fc8452c80e39d255590e39f7ad54b7fdfb7f7c820,COMPLETE,0.9536687102824669,0.9139836874865851,0.9969563944980977,11367,17033,0
7.738745474815369,REAL_CL,0.0,0.828126200223145,Quake_Smart-seq2,,0.22366692934068821,589,1703,4.6,0.8427159586649121,0.8681779283821174,,0.8443252148031744,1.0,0.8611706126500878,0.7692408720777515,5857,0.10917366497852427,0.7763330706593118,0,0,15599,30,0.0,0.0,0,0,15599,,,,EVALUABLE,0.0,4.6,7614,14485,22099,0.9791799284383579,0.9587629440852511,-7.738745474815369,0,0.705869043848138,15599,30,4a54db2e65aca5f059c04ec44920666a6c0592f297840c748b0f10e40b942412,,0.9908644899340213,P0_Quake_Smart-seq2_s303_REAL_CL,303,0.009135510065978684,e2f03734e7cf931925c3f919f10bd4ec8a676bd497137552b563a05c1405ffc9,COMPLETE,0.9238133226964499,0.8908263350214758,0.959337245426303,5911,13896,0
7.730157113075256,DEPTH_SHUFFLED_CL,0.0,0.8241369527913734,Quake_Smart-seq2,,0.22406094037299712,638,1706,4.466666666666667,0.8397233634179272,0.8642162935885848,,0.8413707771736201,1.0,0.8593407610584917,0.7695035460992907,5859,0.109689448980904,0.7759390596270029,0,0,15553,30,0.0,0.0,0,0,15553,,,,EVALUABLE,0.0,4.466666666666667,7614,14485,22099,0.9774602348219252,0.9552251321281158,-7.730157113075256,0,0.7037875016969094,15553,30,4a54db2e65aca5f059c04ec44920666a6c0592f297840c748b0f10e40b942412,,0.9917061611374408,P0_Quake_Smart-seq2_s303_DEPTH_SHUFFLED_CL,303,0.008293838862559242,e2f03734e7cf931925c3f919f10bd4ec8a676bd497137552b563a05c1405ffc9,COMPLETE,0.9219655103535521,0.890310551019096,0.9559544356230584,5908,13847,0
7.622922039031982,GENERIC_STAR,0.0,0.8283392005477611,Quake_Smart-seq2,,0.22563698450223274,622,1718,4.666666666666667,0.8428688309453639,0.8682232321698045,,0.8444934946474622,1.0,0.8612904040328891,0.7675334909377463,5844,0.11026249919774084,0.7743630154977673,0,0,15581,30,0.0,,0,0,15581,,,,not_applicable_synthetic,,4.666666666666667,7614,14485,22099,0.9784963686711777,0.9569264655093234,-7.622922039031982,0,0.705054527354179,15581,30,4a54db2e65aca5f059c04ec44920666a6c0592f297840c748b0f10e40b942412,,0.991180461329715,P0_Quake_Smart-seq2_s303_GENERIC_STAR,303,0.008819538670284939,e2f03734e7cf931925c3f919f10bd4ec8a676bd497137552b563a05c1405ffc9,COMPLETE,0.9221712233087208,0.8897375008022591,0.9570590265792199,5896,13863,0
7.83433039188385,REAL_CL,0.43401445021449536,0.34722971731481894,Wagner,0.0,0.38555181803620053,374,2407,11.5,0.4349869661789973,0.1339763594029905,,0.4362590116403004,1.0,0.586684140692362,0.6030754444978376,3765,0.13586588394671484,0.6144481819637995,7689,11,17716,22,0.5,0.07608941070219011,7689,1348,17716,3.914683313824945,0.1753153856158148,0.2797100020825958,EVALUABLE,1348.0,5.2272727272727275,6243,15683,21926,0.9801836077899803,0.9524315949032208,-7.83433039188385,12,0.8079905135455624,17716,22,4a54db2e65aca5f059c04ec44920666a6c0592f297840c748b0f10e40b942412,,0.9814911366006257,P0_Wagner_s303_REAL_CL,303,0.01850886339937435,289e942bd686b1e4c710397b779e70a18d180fce0266e9567d6945057540de1f,COMPLETE,0.9167340339531124,0.8641341160532852,0.9761525218389339,3836,15309,0
7.823409819602967,DEPTH_SHUFFLED_CL,0.4205427454535154,0.35019845500138574,Wagner,0.0,0.37818356559346467,393,2361,11.3,0.4351382944255166,0.14303233627160655,,0.4363749697902453,1.0,0.5788073525208117,0.6102835175396444,3810,0.13376012690499123,0.6218164344065353,7423,11,17651,21,0.5238095238095238,0.00396578097558212,7423,70,17651,5.9140509228074905,0.009430149535228345,0.01013317892298784,EVALUABLE,70.0,5.380952380952381,6243,15683,21926,0.9813115974353206,0.9539269635246592,-7.823409819602967,13,0.8050259965337955,17651,21,4a54db2e65aca5f059c04ec44920666a6c0592f297840c748b0f10e40b942412,,0.98145285935085,P0_Wagner_s303_DEPTH_SHUFFLED_CL,303,0.01854714064914992,289e942bd686b1e4c710397b779e70a18d180fce0266e9567d6945057540de1f,COMPLETE,0.9173816523669527,0.8662398730950088,0.9749410189377032,3882,15290,0
7.693164420127869,GENERIC_STAR,0.0,0.3550485817945675,Wagner,,0.3778632067916066,303,2359,11.6,0.4407362002799798,0.14692876526766707,,0.44195199554716497,1.0,0.5851846236354321,0.6117251321480057,3819,0.13298382095946784,0.6221367932083934,0,0,17739,21,0.0,,0,0,17739,,,,not_applicable_synthetic,,5.523809523809524,6243,15683,21926,0.9823116449632624,0.9570812046851397,-7.693164420127869,0,0.8090394964881875,17739,21,4a54db2e65aca5f059c04ec44920666a6c0592f297840c748b0f10e40b942412,,0.983264675592173,P0_Wagner_s303_GENERIC_STAR,303,0.016735324407826983,289e942bd686b1e4c710397b779e70a18d180fce0266e9567d6945057540de1f,COMPLETE,0.9203518640416493,0.8670161790405322,0.9806797168909009,3884,15380,0
8.918249940872194,REAL_CL,0.07888568524549358,0.5744093193521478,Zeisel_2018,0.2,0.26371295924800825,1,4601,5.333333333333333,0.7230838737322968,0.3182176619414988,,0.7234154293893663,1.0,0.9768063693585416,0.7333639021035135,12795,0.09543861104772967,0.7362870407519917,3803,5,48209,21,0.23809523809523808,0.06072776867389906,3803,3565,48209,1.1341046542203523,0.9374178280305022,0.8030811748580424,EVALUABLE,2927.625,3.0476190476190474,17447,43609,61056,0.9998717949417092,0.9997994023031379,-8.918249940872194,0,0.789586609014675,48209,21,4a54db2e65aca5f059c04ec44920666a6c0592f297840c748b0f10e40b942412,,0.9960298925735638,P0_Zeisel_2018_s303_REAL_CL,303,0.0039701074264362445,66efe1a47fffc992516ef34be736dac648ec77e5600fa21307e5807ab3dc7c9c,COMPLETE,0.9498791086715023,0.9045613889522703,0.9999770689536563,12846,43608,1682
8.894576883316041,DEPTH_SHUFFLED_CL,0.04957466138090519,0.5465440367226343,Zeisel_2018,0.0,0.27655184272367744,2,4825,5.583333333333333,0.700606482195932,0.2685114630267362,,0.7009832723753725,1.0,0.97708119439931,0.7213847652891615,12586,0.09962421539478031,0.7234481572763226,2401,2,48432,23,0.08695652173913043,0.007049058473736373,2401,569,48432,3.514369012911287,0.23698458975426906,0.5,EVALUABLE,341.4,2.9130434782608696,17447,43609,61056,0.9998727623007599,0.9997834450707394,-8.894576883316041,0,0.7932389937106918,48432,23,4a54db2e65aca5f059c04ec44920666a6c0592f297840c748b0f10e40b942412,,0.9971478371098083,P0_Zeisel_2018_s303_DEPTH_SHUFFLED_CL,303,0.0028521628901917286,66efe1a47fffc992516ef34be736dac648ec77e5600fa21307e5807ab3dc7c9c,COMPLETE,0.9475559804869569,0.9003757846052197,0.9999541379073127,12622,43607,569
8.400621604919433,GENERIC_STAR,0.0,0.5922354430091722,Zeisel_2018,,0.219120765747693,2,3823,4.833333333333333,0.7356557065732157,0.3546059359616558,,0.7359945134528333,1.0,0.9719175042234526,0.7789304751533215,13590,0.08060299388572634,0.780879234252307,0,0,47430,21,0.0,,0,0,47430,,,,not_applicable_synthetic,,2.761904761904762,17447,43609,61056,0.9999341186349864,0.999832641608579,-8.400621604919433,0,0.7768278301886793,47430,21,4a54db2e65aca5f059c04ec44920666a6c0592f297840c748b0f10e40b942412,,0.9975044039929536,P0_Zeisel_2018_s303_GENERIC_STAR,303,0.0024955960070463887,66efe1a47fffc992516ef34be736dac648ec77e5600fa21307e5807ab3dc7c9c,COMPLETE,0.9579850393787278,0.9193970061142737,0.9999541379073127,13624,43607,0
7.76771092414856,REAL_CL,0.30565571237251465,0.5000551628550665,Cao,0.0,0.32193732193732194,346,1582,8.333333333333334,0.6153872785709611,0.2782762141516536,,0.6176363262798784,1.0,0.8075117110788335,0.6768416768416768,3326,0.1629751725558875,0.6780626780626781,2967,6,9707,24,0.25,0.2578551560729371,2967,2699,9707,0.9234917425008426,0.9096730704415235,0.8610920255853619,EVALUABLE,2503.0,4.166666666666667,4914,8471,13385,0.976393843819945,0.9520470544552707,-7.76771092414856,0,0.7252147926783713,9707,24,4a54db2e65aca5f059c04ec44920666a6c0592f297840c748b0f10e40b942412,,0.9981992797118847,P0_Cao_s404_REAL_CL,404,0.001800720288115246,f9619a855197302d6e06197f062e3cbe0b85ccf3fa6d07076794b59f403a8955,COMPLETE,0.8939377269226537,0.8370248274441126,0.9591547633101168,3332,8125,1012
7.688399839401245,DEPTH_SHUFFLED_CL,0.1909682752919293,0.5089502475147764,Cao,0.0,0.31684981684981683,351,1557,8.166666666666666,0.6215931497025655,0.3015288425994573,,0.6237622465751886,1.0,0.8054634408859545,0.6821326821326821,3352,0.16089697220212876,0.6831501831501832,1848,3,9677,23,0.13043478260869565,0.1450036168233957,1848,1462,9677,1.1428571428571428,0.7911255411255411,0.5878518417570936,EVALUABLE,1403.2,4.260869565217392,4914,8471,13385,0.9767455929631642,0.9531716267048577,-7.688399839401245,0,0.7229734777736272,9677,23,4a54db2e65aca5f059c04ec44920666a6c0592f297840c748b0f10e40b942412,,0.9985105749180816,P0_Cao_s404_DEPTH_SHUFFLED_CL,404,0.0014894250819183796,f9619a855197302d6e06197f062e3cbe0b85ccf3fa6d07076794b59f403a8955,COMPLETE,0.8948644478730439,0.8391030277978713,0.958564514225003,3357,8120,465
7.478792953491211,GENERIC_STAR,0.0,0.4925084840403869,Cao,,0.3007733007733008,276,1478,8.333333333333334,0.6099819807582171,0.2515544012805315,,0.6120394582043935,1.0,0.8081844554998855,0.698005698005698,3430,0.1527964437092939,0.6992266992266992,0,0,9673,22,0.0,,0,0,9673,,,,not_applicable_synthetic,,4.545454545454546,4914,8471,13385,0.9787755476961733,0.9598138147305897,-7.478792953491211,0,0.722674635786328,9673,22,4a54db2e65aca5f059c04ec44920666a6c0592f297840c748b0f10e40b942412,,0.9982537834691502,P0_Cao_s404_GENERIC_STAR,404,0.0017462165308498253,f9619a855197302d6e06197f062e3cbe0b85ccf3fa6d07076794b59f403a8955,COMPLETE,0.9033289241622575,0.8472035562907061,0.9674182505017117,3436,8195,0
8.017670273780823,REAL_CL,0.0,0.6195211811674592,Quake_10x,,0.12725015518311608,39,1640,5.666666666666667,0.7240691997004886,0.39014999573645726,,0.7263306939729951,1.0,0.877641913019017,0.8706548727498448,11221,0.08776624210638981,0.8727498448168839,0,0,18686,34,0.0,0.0,0,0,18686,,,,EVALUABLE,0.0,4.0,12888,17085,29973,0.998246548681776,0.997529943029585,-8.017670273780823,0,0.6234277516431455,18686,34,4a54db2e65aca5f059c04ec44920666a6c0592f297840c748b0f10e40b942412,,0.997599573257468,P0_Quake_10x_s404_REAL_CL,404,0.0024004267425320057,49e293db1bc568adb191dce7e073b89c638fb7084dc4155b5bbe9df281fc9d2d,COMPLETE,0.9530625366917336,0.9122337578936102,0.9977172958735733,11248,17046,0
8.03232901096344,DEPTH_SHUFFLED_CL,0.0,0.6178342994882893,Quake_10x,,0.130276225946617,47,1679,5.791666666666667,0.7232552829539677,0.3612522034876991,,0.7253923098985932,1.0,0.8782933074358376,0.8672408441961514,11177,0.08970454666880376,0.869723774053383,0,0,18717,32,0.0,0.0,0,0,18717,,,,EVALUABLE,0.0,4.34375,12888,17085,29973,0.9981607389946704,0.9974051720802277,-8.03232901096344,0,0.6244620158142328,18717,32,4a54db2e65aca5f059c04ec44920666a6c0592f297840c748b0f10e40b942412,,0.9971451512177715,P0_Quake_10x_s404_DEPTH_SHUFFLED_CL,404,0.0028548487822285663,49e293db1bc568adb191dce7e073b89c638fb7084dc4155b5bbe9df281fc9d2d,COMPLETE,0.951790402770795,0.9102954533311962,0.9972490488732807,11209,17038,0
7.849009501934051,GENERIC_STAR,0.0,0.6208123658345914,Quake_10x,,0.12833643699565486,44,1654,5.583333333333333,0.725421801533255,0.363819892235881,,0.7275436668764914,1.0,0.8785931558551151,0.869568590937306,11207,0.08847285370419898,0.8716635630043451,0,0,18695,32,0.0,,0,0,18695,,,,not_applicable_synthetic,,4.1875,12888,17085,29973,0.9981793843127611,0.9973888090492875,-7.849009501934051,0,0.6237280218863644,18695,32,4a54db2e65aca5f059c04ec44920666a6c0592f297840c748b0f10e40b942412,,0.9975965818052341,P0_Quake_10x_s404_GENERIC_STAR,404,0.0024034181947658892,49e293db1bc568adb191dce7e073b89c638fb7084dc4155b5bbe9df281fc9d2d,COMPLETE,0.9525433202906651,0.911527146295801,0.9974246414983904,11234,17041,0
7.753084135055542,REAL_CL,0.0,0.8172840385000907,Quake_Smart-seq2,,0.2214693769097914,634,1667,4.833333333333333,0.8358008766365178,0.8585578314168738,,0.837480020719145,1.0,0.8586994223573668,0.7690979141756343,5789,0.1074236370666323,0.7785306230902086,0,0,15518,30,0.0,0.0,0,0,15518,,,,EVALUABLE,0.0,4.833333333333333,7527,14485,22012,0.9773384037058626,0.9549668781845716,-7.753084135055542,0,0.7049791023078321,15518,30,4a54db2e65aca5f059c04ec44920666a6c0592f297840c748b0f10e40b942412,,0.9878839590443687,P0_Quake_Smart-seq2_s404_REAL_CL,404,0.012116040955631398,ac743bc836eb681f16960faaa4ca8b487e3a7079b4eb2bb32a0ef0afeb93f421,COMPLETE,0.9233076692330767,0.8925763629333677,0.9562305833620988,5860,13851,0
7.744182598590851,DEPTH_SHUFFLED_CL,0.0,0.8268692594967157,Quake_Smart-seq2,,0.2214693769097914,653,1667,4.7,0.8403544173358297,0.8690774182908999,,0.8419895292485557,1.0,0.8576730828732597,0.7692307692307693,5790,0.1075553261500742,0.7785306230902086,0,0,15499,30,0.0,0.0,0,0,15499,,,,EVALUABLE,0.0,4.7,7527,14485,22012,0.9758815038398334,0.9518677921145365,-7.744182598590851,0,0.7041159367617663,15499,30,4a54db2e65aca5f059c04ec44920666a6c0592f297840c748b0f10e40b942412,,0.9880546075085325,P0_Quake_Smart-seq2_s404_DEPTH_SHUFFLED_CL,404,0.011945392491467578,ac743bc836eb681f16960faaa4ca8b487e3a7079b4eb2bb32a0ef0afeb93f421,COMPLETE,0.9226254002134472,0.8924446738499258,0.9549188816016568,5860,13832,0
7.627182352542877,GENERIC_STAR,0.0,0.8263591306300176,Quake_Smart-seq2,,0.2230636375714096,660,1679,4.7,0.839836973938979,0.8656485155288351,,0.8414014346380295,1.0,0.8570015254500241,0.7675036535140162,5777,0.10829463364293086,0.7769363624285904,0,0,15504,28,0.0,,0,0,15504,,,,not_applicable_synthetic,,5.035714285714286,7527,14485,22012,0.9767995564799983,0.9533045436382996,-7.627182352542877,0,0.7043430855896784,15504,28,4a54db2e65aca5f059c04ec44920666a6c0592f297840c748b0f10e40b942412,,0.987859097127223,P0_Quake_Smart-seq2_s404_GENERIC_STAR,404,0.012140902872777018,ac743bc836eb681f16960faaa4ca8b487e3a7079b4eb2bb32a0ef0afeb93f421,COMPLETE,0.9220047350695255,0.8917053663570691,0.9544356230583362,5848,13825,0
7.814738023281097,REAL_CL,0.32758718780224155,0.3464818010408595,Wagner,0.0,0.36897001303780963,370,2264,11.9,0.43507445912932863,0.14982235659751458,,0.4363623820166646,1.0,0.5892085158023913,0.6204367666232073,3807,0.1288046879444729,0.6310299869621904,5758,9,17577,22,0.4090909090909091,0.07356204130397678,5758,1293,17577,3.567905522750955,0.22455713789510245,0.3593640146786397,EVALUABLE,1293.0,5.409090909090909,6136,15683,21819,0.9842340837209342,0.9594461084054424,-7.814738023281097,19,0.8055822906641001,17577,22,4a54db2e65aca5f059c04ec44920666a6c0592f297840c748b0f10e40b942412,,0.9832128099173554,P0_Wagner_s404_REAL_CL,404,0.016787190082644628,b53e682ead39fd3b746155f7b537658ffe7a629259d98f3edb16529348308cce,COMPLETE,0.9208057726999399,0.8711953120555271,0.9764075750812983,3872,15313,0
7.805523991584778,DEPTH_SHUFFLED_CL,0.30027344195055256,0.33969834253303505,Wagner,0.0,0.3670143415906128,381,2252,11.9,0.4266224940662586,0.13468704169957188,,0.42793294387962166,1.0,0.5780877635293202,0.6220664928292047,3817,0.12828984846758573,0.6329856584093873,5271,9,17554,22,0.4090909090909091,0.0076905548592913296,5271,135,17554,5.619047619047619,0.025611838360842343,0.020134228187919462,EVALUABLE,135.0,5.409090909090909,6136,15683,21819,0.9853326229633745,0.9613491200455304,-7.805523991584778,20,0.804528163527201,17554,22,4a54db2e65aca5f059c04ec44920666a6c0592f297840c748b0f10e40b942412,,0.9827497425334707,P0_Wagner_s404_DEPTH_SHUFFLED_CL,404,0.01725025746652935,b53e682ead39fd3b746155f7b537658ffe7a629259d98f3edb16529348308cce,COMPLETE,0.9207810572554683,0.8717101515324143,0.9757061786647963,3884,15302,0
7.686883091926575,GENERIC_STAR,0.0,0.3455883208409144,Wagner,,0.3754889178617992,295,2304,11.5,0.43283912289955806,0.1404218528915195,,0.4341220724832854,1.0,0.5836407364289965,0.6150586701434159,3774,0.13022835179742256,0.6245110821382008,0,0,17692,22,0.0,,0,0,17692,,,,not_applicable_synthetic,,5.2272727272727275,6136,15683,21819,0.9864965689074157,0.9647755510683846,-7.686883091926575,0,0.8108529263485953,17692,22,4a54db2e65aca5f059c04ec44920666a6c0592f297840c748b0f10e40b942412,,0.9848643006263048,P0_Wagner_s404_GENERIC_STAR,404,0.015135699373695199,b53e682ead39fd3b746155f7b537658ffe7a629259d98f3edb16529348308cce,COMPLETE,0.9221273408239701,0.8697716482025775,0.9811898233756297,3832,15388,0
8.914311408996582,REAL_CL,0.07597684515195369,0.5605731519481957,Zeisel_2018,0.25,0.2741192723923555,1,4762,5.0,0.7123584248275875,0.27811216217367857,,0.7127231425260943,1.0,0.9782340872437408,0.7236932995625144,12572,0.09844945213975605,0.7258807276076444,3675,4,48370,23,0.17391304347826086,0.06165770794569637,3675,3632,48370,0.9915646258503401,0.9882993197278912,0.9893574901483487,EVALUABLE,2982.383333333333,2.608695652173913,17372,43609,60981,0.9997741391294359,0.9997685828159807,-8.914311408996582,0,0.7931978813072924,48370,23,4a54db2e65aca5f059c04ec44920666a6c0592f297840c748b0f10e40b942412,,0.9969865186360032,P0_Zeisel_2018_s404_REAL_CL,404,0.003013481363996828,2b55c81d414f1c82c4f6bca4f338cfa1f0ced12f2c4ec70e0b559a386f2840a3,COMPLETE,0.9482164407092923,0.9015505478602439,0.9999770689536563,12610,43608,1732
8.925603294372559,DEPTH_SHUFFLED_CL,0.049253851413861065,0.5807968458363513,Zeisel_2018,0.0,0.3519456596822473,1,6114,4.916666666666667,0.7290808437473526,0.29203082152858245,,0.7294095864922097,1.0,0.9802275976358465,0.6467879346074142,11236,0.12296367804995777,0.6480543403177527,2449,3,49722,23,0.13043478260869565,0.006467961867986001,2449,536,49722,3.56472029399755,0.21886484279297672,0.3333333333333333,EVALUABLE,321.59999999999997,2.5652173913043477,17372,43609,60981,0.9998086993757506,0.9997591857333812,-8.925603294372559,0,0.8153687214050278,49722,23,4a54db2e65aca5f059c04ec44920666a6c0592f297840c748b0f10e40b942412,,0.9980458340735477,P0_Zeisel_2018_s404_DEPTH_SHUFFLED_CL,404,0.0019541659264523006,2b55c81d414f1c82c4f6bca4f338cfa1f0ced12f2c4ec70e0b559a386f2840a3,COMPLETE,0.9344805048697646,0.8770363219500422,0.9999770689536563,11258,43608,536
8.495374655723571,GENERIC_STAR,0.0,0.586341652087448,Zeisel_2018,,0.4064586691227262,1,7061,5.25,0.7327788145883838,0.29144483132192284,,0.7331102608178068,1.0,0.9778877207922408,0.5928505641261801,10299,0.13935542442124377,0.5935413308772738,0,0,50669,24,0.0,,0,0,50669,,,,not_applicable_synthetic,,2.625,17372,43609,60981,0.9998734511405326,0.9997709376966323,-8.495374655723571,0,0.8308981486036634,50669,24,4a54db2e65aca5f059c04ec44920666a6c0592f297840c748b0f10e40b942412,,0.9988361943555426,P0_Zeisel_2018_s404_GENERIC_STAR,404,0.0011638056444573757,2b55c81d414f1c82c4f6bca4f338cfa1f0ced12f2c4ec70e0b559a386f2840a3,COMPLETE,0.9250938713167441,0.8606445755787563,0.9999770689536563,10311,43608,0
